modality	r2_batch	p_batch	r2_response	p_response	batch_signal_ratio
tumor_genomics	0.1427315340495703	0.0	0.011998539892474052	0.001001001001001001	11.895741925990265
